{ "frames": [
   {
    "filename": "androidRun 0.aseprite",
    "frame": { "x": 0, "y": 0, "w": 48, "h": 48 },
    "rotated": false,
    "trimmed": false,
    "spriteSourceSize": { "x": 0, "y": 0, "w": 48, "h": 48 },
    "sourceSize": { "w": 48, "h": 48 },
    "duration": 120
   },
   {
    "filename": "androidRun 1.aseprite",
    "frame": { "x": 48, "y": 0, "w": 48, "h": 48 },
    "rotated": false,
    "trimmed": false,
    "spriteSourceSize": { "x": 0, "y": 0, "w": 48, "h": 48 },
    "sourceSize": { "w": 48, "h": 48 },
    "duration": 120
   },
   {
    "filename": "androidRun 2.aseprite",
    "frame": { "x": 96, "y": 0, "w": 48, "h": 48 },
    "rotated": false,
    "trimmed": false,
    "spriteSourceSize": { "x": 0, "y": 0, "w": 48, "h": 48 },
    "sourceSize": { "w": 48, "h": 48 },
    "duration": 120
   },
   {
    "filename": "androidRun 3.aseprite",
    "frame": { "x": 144, "y": 0, "w": 48, "h": 48 },
    "rotated": false,
    "trimmed": false,
    "spriteSourceSize": { "x": 0, "y": 0, "w": 48, "h": 48 },
    "sourceSize": { "w": 48, "h": 48 },
    "duration": 120
   },
   {
    "filename": "androidRun 4.aseprite",
    "frame": { "x": 192, "y": 0, "w": 48, "h": 48 },
    "rotated": false,
    "trimmed": false,
    "spriteSourceSize": { "x": 0, "y": 0, "w": 48, "h": 48 },
    "sourceSize": { "w": 48, "h": 48 },
    "duration": 120
   },
   {
    "filename": "androidRun 5.aseprite",
    "frame": { "x": 240, "y": 0, "w": 48, "h": 48 },
    "rotated": false,
    "trimmed": false,
    "spriteSourceSize": { "x": 0, "y": 0, "w": 48, "h": 48 },
    "sourceSize": { "w": 48, "h": 48 },
    "duration": 120
   }
 ],
 "meta": {
  "app": "http://www.aseprite.org/",
  "version": "1.2.13-x64",
  "image": "androidRun.png",
  "format": "RGBA8888",
  "size": { "w": 288, "h": 48 },
  "scale": "1"
 }
}
