{ "frames": [
   {
    "filename": "androidJump 0.aseprite",
    "frame": { "x": 0, "y": 0, "w": 48, "h": 48 },
    "rotated": false,
    "trimmed": false,
    "spriteSourceSize": { "x": 0, "y": 0, "w": 48, "h": 48 },
    "sourceSize": { "w": 48, "h": 48 },
    "duration": 100
   },
   {
    "filename": "androidJump 1.aseprite",
    "frame": { "x": 48, "y": 0, "w": 48, "h": 48 },
    "rotated": false,
    "trimmed": false,
    "spriteSourceSize": { "x": 0, "y": 0, "w": 48, "h": 48 },
    "sourceSize": { "w": 48, "h": 48 },
    "duration": 100
   }
 ],
 "meta": {
  "app": "http://www.aseprite.org/",
  "version": "1.2.13-x64",
  "image": "androidJump.png",
  "format": "RGBA8888",
  "size": { "w": 96, "h": 48 },
  "scale": "1"
 }
}
