{ "frames": [
   {
    "filename": "androidIdle 0.aseprite",
    "frame": { "x": 0, "y": 0, "w": 48, "h": 48 },
    "rotated": false,
    "trimmed": false,
    "spriteSourceSize": { "x": 0, "y": 0, "w": 48, "h": 48 },
    "sourceSize": { "w": 48, "h": 48 },
    "duration": 400
   },
   {
    "filename": "androidIdle 1.aseprite",
    "frame": { "x": 48, "y": 0, "w": 48, "h": 48 },
    "rotated": false,
    "trimmed": false,
    "spriteSourceSize": { "x": 0, "y": 0, "w": 48, "h": 48 },
    "sourceSize": { "w": 48, "h": 48 },
    "duration": 400
   },
   {
    "filename": "androidIdle 2.aseprite",
    "frame": { "x": 96, "y": 0, "w": 48, "h": 48 },
    "rotated": false,
    "trimmed": false,
    "spriteSourceSize": { "x": 0, "y": 0, "w": 48, "h": 48 },
    "sourceSize": { "w": 48, "h": 48 },
    "duration": 400
   },
   {
    "filename": "androidIdle 3.aseprite",
    "frame": { "x": 144, "y": 0, "w": 48, "h": 48 },
    "rotated": false,
    "trimmed": false,
    "spriteSourceSize": { "x": 0, "y": 0, "w": 48, "h": 48 },
    "sourceSize": { "w": 48, "h": 48 },
    "duration": 400
   }
 ],
 "meta": {
  "app": "http://www.aseprite.org/",
  "version": "1.2.13-x64",
  "image": "androidIdle.png",
  "format": "RGBA8888",
  "size": { "w": 192, "h": 48 },
  "scale": "1"
 }
}
